<?xml version="1.0" encoding="UTF-8"?>
<project-private xmlns="http://www.netbeans.org/ns/project-private/1">
    <editor-bookmarks xmlns="http://www.netbeans.org/ns/editor-bookmarks/2" lastBookmarkId="0"/>
    <open-files xmlns="http://www.netbeans.org/ns/projectui-open-files/2">
        <group>
            <file>file:/C:/Users/Perfect%20Mosoma/OneDrive/Documents/NetBeansProjects/ST10485899%20PROG5121%20PART%202/src/com/example/chatapp/ChatApp1.java</file>
            <file>file:/C:/Users/Perfect%20Mosoma/OneDrive/Documents/NetBeansProjects/ST10485899%20PROG5121%20PART%202/test/com/example/chatapp/ChatApp1Test.java</file>
        </group>
    </open-files>
</project-private>
